session_id,date,session_number,mode,model,wave,upgrades_addressed,duration_approx,status,log_file
SES-001,2026-03-13,1,execution,opus,pre-roadmap,v0.1 full vault build,full-session,completed,Agent Maestro v0.1 — Session Log 2026-03-14.md
SES-002,2026-03-14,2,design+execution,opus,wave-1,roadmap + template integration + session mgmt + build protocol + registry + vault rules,full-session,completed,Session Log — SES-002 — 2026-03-14.md
SES-003,2026-03-14,3,execution,opus,wave-2+3,vault maintenance packs + state change logging + orchestrator CLI,continuation,completed,Session Log — SES-003 — 2026-03-14.md
SES-004,2026-03-15,4,execution,sonnet,phase-a,SYSTEM_MAP + CLAUDE.md upgrade + agent registry + memory layer + vault_curator deprecation + vault_maintenance executive,continuation,completed,Session Log — SES-004 — 2026-03-15.md
SES-005,2026-03-15,5,execution,sonnet,phase-b,tool_interface + workflow_engine + 3x YAML workflow definitions,full-session,completed,Session Log — SES-005 — 2026-03-15.md
SES-006,2026-03-15,6,execution,sonnet,phase-b,--execute flag + evidence bootstrapper + E2E integration + state change logger in tools + compiled artifact schema,full-session,completed,Session Log — SES-006 — 2026-03-15.md
SES-007,2026-03-15,7,execution,sonnet,phase-b,escalation_processor + review queue + approve/reject/dashboard CLI commands,full-session,completed,Session Log — SES-007 — 2026-03-15.md
SES-008,2026-03-15,8,governance,sonnet,governance,CLAUDE.md protocol block + project folder reorg + session logs backfill + git setup,partial-session,completed,Session Log — SES-008 — 2026-03-15.md
SES-009,2026-03-15,9,execution,sonnet,phase-c,Process 16 captures: 12 promoted + 4 archived. New concepts/patterns/pipelines/projects. Full audit trail. v0.3.2.,full-session,completed,Session Log — SES-009 — 2026-03-15.md
SES-010,2026-03-15,10,execution,opus,phase-d,Execution architecture + tool registry + MCP integration prototype + host options evaluation + self-observation spec. v0.4.0.,full-session,completed,Session Log — SES-010 — 2026-03-15.md
SES-011,2026-03-15,11,design+governance,opus,wave-5-prep,Foundations.md + Proposal v3 + Contract + Audit + Brainstorms + Treatise + Templates migration + Consolidation Pipeline,full-session,completed,N/A (prep commit only)
SES-012,2026-03-15,12,execution,opus,wave-5-phase-1,Baseline inventory + D6 integration + 3 shell scripts + audit rubric + naming migration. Phase 1 complete.,full-session,completed,Session Log — SES-012 — 2026-03-15.mdSES-013,2026-03-15,13,governance,opus,wave-5-phase-2,Governance audit (7/8 fail) + reconciliation proposal + all 8 change sets executed. 6 derived principles replace 12. Phase 2 complete.,full-session,completed,Session Log — SES-013 — 2026-03-15.md
