timestamp,change_id,change_type,agent_id,agent_role,constellation,artifact_path,artifact_type,field_changed,before_state,after_state,justification,confidence,authority_check,cycle_id
2026-03-15T11:14:42.382370+00:00,CHG-20260315-0001,create,tool_interface,tool,runtime,06_EXECUTION/test_d3_note.md,note,,,,Created via write_note tool,,passed,
2026-03-15T11:14:42.386996+00:00,CHG-20260315-0002,modify,tool_interface,tool,runtime,06_EXECUTION/test_d3_note.md,note,,,,Updated via write_note tool,,passed,
2026-03-15T12:00:00.000000+00:00,CHG-20260315-0003,promote,claude_code,note_processor,vault_maintenance,02_KNOWLEDGE/concepts/Pure Agent Concepts.md,note,,01_CAPTURE/inbox/Pure Agent Concepts.md,02_KNOWLEDGE/concepts/Pure Agent Concepts.md,SES-009 Phase C F3: Promoted capture to canonical concept. Classified as: concept/knowledge. Enriched with schema v2 frontmatter.,high,passed,SES-009
2026-03-15T12:00:01.000000+00:00,CHG-20260315-0004,archive,claude_code,note_processor,vault_maintenance,01_CAPTURE/inbox/Pure Agent Concepts.md,note,status,active,deleted,SES-009 Phase C F3: Source capture deleted after successful promotion to 02_KNOWLEDGE/concepts/Pure Agent Concepts.md.,high,passed,SES-009
2026-03-15T12:00:02.000000+00:00,CHG-20260315-0005,promote,claude_code,note_processor,vault_maintenance,02_KNOWLEDGE/governance/Agent Maestro — Note Quality Rules.md,note,,01_CAPTURE/inbox/Claude Note Quality Rules.md,02_KNOWLEDGE/governance/Agent Maestro — Note Quality Rules.md,SES-009 Phase C F3: Promoted capture to canonical governance note. Enriched with schema v2 frontmatter and full body.,high,passed,SES-009
2026-03-15T12:00:03.000000+00:00,CHG-20260315-0006,archive,claude_code,note_processor,vault_maintenance,01_CAPTURE/inbox/Claude Note Quality Rules.md,note,status,active,deleted,SES-009 Phase C F3: Source capture deleted after successful promotion.,high,passed,SES-009
2026-03-15T12:00:04.000000+00:00,CHG-20260315-0007,promote,claude_code,note_processor,vault_maintenance,02_KNOWLEDGE/concepts/Authority Pack Compiler.md,note,,01_CAPTURE/inbox/Authority Pack Compiler.md,02_KNOWLEDGE/concepts/Authority Pack Compiler.md,SES-009 Phase C F3: Promoted capture to canonical concept. Classified as: concept/knowledge.,high,passed,SES-009
2026-03-15T12:00:05.000000+00:00,CHG-20260315-0008,archive,claude_code,note_processor,vault_maintenance,01_CAPTURE/inbox/Authority Pack Compiler.md,note,status,active,deleted,SES-009 Phase C F3: Source capture deleted after successful promotion.,high,passed,SES-009
2026-03-15T12:00:06.000000+00:00,CHG-20260315-0009,promote,claude_code,note_processor,vault_maintenance,02_KNOWLEDGE/concepts/Authority Pack Versioning and Inheritance.md,note,,01_CAPTURE/inbox/Auth Packs — Versioning & Inheritance.md,02_KNOWLEDGE/concepts/Authority Pack Versioning and Inheritance.md,SES-009 Phase C F3: Promoted capture to canonical concept.,high,passed,SES-009
2026-03-15T12:00:07.000000+00:00,CHG-20260315-0010,archive,claude_code,note_processor,vault_maintenance,01_CAPTURE/inbox/Auth Packs — Versioning & Inheritance.md,note,status,active,deleted,SES-009 Phase C F3: Source capture deleted after successful promotion.,high,passed,SES-009
2026-03-15T12:00:08.000000+00:00,CHG-20260315-0011,promote,claude_code,note_processor,vault_maintenance,02_KNOWLEDGE/patterns/Deterministic Authority Resolution Pattern.md,note,,01_CAPTURE/inbox/Deterministic Pack Compiler Rule.md,02_KNOWLEDGE/patterns/Deterministic Authority Resolution Pattern.md,SES-009 Phase C F3: Promoted capture to canonical pattern.,high,passed,SES-009
2026-03-15T12:00:09.000000+00:00,CHG-20260315-0012,archive,claude_code,note_processor,vault_maintenance,01_CAPTURE/inbox/Deterministic Pack Compiler Rule.md,note,status,active,deleted,SES-009 Phase C F3: Source capture deleted after successful promotion.,high,passed,SES-009
2026-03-15T12:00:10.000000+00:00,CHG-20260315-0013,promote,claude_code,note_processor,vault_maintenance,03_PIPELINES/maintenance/Frontmatter Upgrade Checklist.md,note,,01_CAPTURE/inbox/Frontmatter Upgrade Checklist.md,03_PIPELINES/maintenance/Frontmatter Upgrade Checklist.md,SES-009 Phase C F3: Promoted capture to canonical pipeline checklist.,high,passed,SES-009
2026-03-15T12:00:11.000000+00:00,CHG-20260315-0014,archive,claude_code,note_processor,vault_maintenance,01_CAPTURE/inbox/Frontmatter Upgrade Checklist.md,note,status,active,deleted,SES-009 Phase C F3: Source capture deleted after successful promotion.,high,passed,SES-009
2026-03-15T12:00:12.000000+00:00,CHG-20260315-0015,promote,claude_code,note_processor,vault_maintenance,02_KNOWLEDGE/concepts/Registry Anchoring.md,note,,01_CAPTURE/inbox/Registry Anchoring.md,02_KNOWLEDGE/concepts/Registry Anchoring.md,SES-009 Phase C F3: Promoted capture to canonical concept.,high,passed,SES-009
2026-03-15T12:00:13.000000+00:00,CHG-20260315-0016,archive,claude_code,note_processor,vault_maintenance,01_CAPTURE/inbox/Registry Anchoring.md,note,status,active,deleted,SES-009 Phase C F3: Source capture deleted after successful promotion.,high,passed,SES-009
2026-03-15T12:00:14.000000+00:00,CHG-20260315-0017,promote,claude_code,note_processor,vault_maintenance,02_KNOWLEDGE/concepts/Agent Organization Architecture.md,note,,01_CAPTURE/inbox/Master Agents.md,02_KNOWLEDGE/concepts/Agent Organization Architecture.md,SES-009 Phase C F3: Promoted capture to canonical concept. Renamed to Agent Organization Architecture.,high,passed,SES-009
2026-03-15T12:00:15.000000+00:00,CHG-20260315-0018,archive,claude_code,note_processor,vault_maintenance,01_CAPTURE/inbox/Master Agents.md,note,status,active,deleted,SES-009 Phase C F3: Source capture deleted after successful promotion.,high,passed,SES-009
2026-03-15T12:00:16.000000+00:00,CHG-20260315-0019,archive,claude_code,note_processor,vault_maintenance,99_ARCHIVE/Potential Authority Pack Templates.md,note,,01_CAPTURE/inbox/Potential Authority Pack Templates.md,99_ARCHIVE/Potential Authority Pack Templates.md,SES-009 Phase C F3: Archived capture — too thin for standalone promotion; superseded by Authority Pack Grammar.,high,passed,SES-009
2026-03-15T12:00:17.000000+00:00,CHG-20260315-0020,archive,claude_code,note_processor,vault_maintenance,01_CAPTURE/inbox/Potential Authority Pack Templates.md,note,status,active,deleted,SES-009 Phase C F3: Source capture deleted after archival.,high,passed,SES-009
2026-03-15T12:00:18.000000+00:00,CHG-20260315-0021,promote,claude_code,note_processor,vault_maintenance,04_PROJECTS/incubating/TBP Outreach Agent V1 Spec.md,note,,01_CAPTURE/unprocessed/Draft Project — TBP Outreach Agent V1 Spec.md,04_PROJECTS/incubating/TBP Outreach Agent V1 Spec.md,SES-009 Phase C F3: Promoted to incubating project. Deferred per Build Brief (domain deployment deferred to Phase D).,high,passed,SES-009
2026-03-15T12:00:19.000000+00:00,CHG-20260315-0022,archive,claude_code,note_processor,vault_maintenance,01_CAPTURE/unprocessed/Draft Project — TBP Outreach Agent V1 Spec.md,note,status,active,deleted,SES-009 Phase C F3: Source capture deleted after promotion to incubating project.,high,passed,SES-009
2026-03-15T12:00:20.000000+00:00,CHG-20260315-0023,promote,claude_code,note_processor,vault_maintenance,02_KNOWLEDGE/concepts/Agent Architecture Synthesis.md,note,,01_CAPTURE/unprocessed/Agents Auth Packs Constellations — Defined.md,02_KNOWLEDGE/concepts/Agent Architecture Synthesis.md,SES-009 Phase C F3: Promoted capture to canonical concept. Renamed to Agent Architecture Synthesis.,high,passed,SES-009
2026-03-15T12:00:21.000000+00:00,CHG-20260315-0024,archive,claude_code,note_processor,vault_maintenance,01_CAPTURE/unprocessed/Agents Auth Packs Constellations — Defined.md,note,status,active,deleted,SES-009 Phase C F3: Source capture deleted after successful promotion.,high,passed,SES-009
2026-03-15T12:00:22.000000+00:00,CHG-20260315-0025,archive,claude_code,note_processor,vault_maintenance,99_ARCHIVE/Potential Roadmap — Authority Packs.md,note,,01_CAPTURE/unprocessed/Potential Roadmap — Authority Packs.md,99_ARCHIVE/Potential Roadmap — Authority Packs.md,SES-009 Phase C F3: Archived — superseded by Agent Maestro v0.3 Build Brief.,high,passed,SES-009
2026-03-15T12:00:23.000000+00:00,CHG-20260315-0026,archive,claude_code,note_processor,vault_maintenance,01_CAPTURE/unprocessed/Potential Roadmap — Authority Packs.md,note,status,active,deleted,SES-009 Phase C F3: Source capture deleted after archival.,high,passed,SES-009
2026-03-15T12:00:24.000000+00:00,CHG-20260315-0027,archive,claude_code,note_processor,vault_maintenance,99_ARCHIVE/Vault Rules Fragment.md,note,,01_CAPTURE/unprocessed/Vault Rules.md,99_ARCHIVE/Vault Rules Fragment.md,SES-009 Phase C F3: Archived — single-rule fragment. Escalated for human review: consider integrating into Agent Maestro — Vault Rules.,high,passed,SES-009
2026-03-15T12:00:25.000000+00:00,CHG-20260315-0028,archive,claude_code,note_processor,vault_maintenance,01_CAPTURE/unprocessed/Vault Rules.md,note,status,active,deleted,SES-009 Phase C F3: Source capture deleted after archival with escalation note.,high,passed,SES-009
2026-03-15T12:00:26.000000+00:00,CHG-20260315-0029,promote,claude_code,note_processor,vault_maintenance,03_PIPELINES/maintenance/Note Upgrade Workflow.md,note,,01_CAPTURE/unprocessed/Note Upgrade Workflow.md,03_PIPELINES/maintenance/Note Upgrade Workflow.md,SES-009 Phase C F3: Promoted capture to canonical pipeline.,high,passed,SES-009
2026-03-15T12:00:27.000000+00:00,CHG-20260315-0030,archive,claude_code,note_processor,vault_maintenance,01_CAPTURE/unprocessed/Note Upgrade Workflow.md,note,status,active,deleted,SES-009 Phase C F3: Source capture deleted after successful promotion.,high,passed,SES-009
2026-03-15T12:00:28.000000+00:00,CHG-20260315-0031,promote,claude_code,note_processor,vault_maintenance,03_PIPELINES/maintenance/Note Knowledge Upgrade Order.md,note,,01_CAPTURE/unprocessed/Note Knowledge Upgrade Order.md,03_PIPELINES/maintenance/Note Knowledge Upgrade Order.md,SES-009 Phase C F3: Promoted capture to canonical pipeline.,high,passed,SES-009
2026-03-15T12:00:29.000000+00:00,CHG-20260315-0032,archive,claude_code,note_processor,vault_maintenance,01_CAPTURE/unprocessed/Note Knowledge Upgrade Order.md,note,status,active,deleted,SES-009 Phase C F3: Source capture deleted after successful promotion.,high,passed,SES-009
2026-03-15T12:00:30.000000+00:00,CHG-20260315-0033,promote,claude_code,note_processor,vault_maintenance,04_PROJECTS/incubating/Vault Upgrade Backlog.md,note,,01_CAPTURE/unprocessed/Potential upgrades to the vault.md,04_PROJECTS/incubating/Vault Upgrade Backlog.md,SES-009 Phase C F3: Promoted capture to incubating project backlog.,high,passed,SES-009
2026-03-15T12:00:31.000000+00:00,CHG-20260315-0034,archive,claude_code,note_processor,vault_maintenance,01_CAPTURE/unprocessed/Potential upgrades to the vault.md,note,status,active,deleted,SES-009 Phase C F3: Source capture deleted after successful promotion.,high,passed,SES-009
