artifact_id,pack_id,pack_version,constellation,agent_role,compiled_date,compiler_version,host_type,host_path,status
compiled.CONST.vault_curator.executive.v1.0,CONST.vault_curator.executive,1.0,vault_curator,executive,2026-03-15,0.1.0,filesystem,/sessions/loving-busy-bohr/mnt/Agent Maestro/05_SYSTEMS/authority_architecture/compiler/prototype/artifacts/CONST_vault_curator_executive_compiled.json,active
compiled.CONST.vault_curator.specialist.link_auditor.v1.0,CONST.vault_curator.specialist.link_auditor,1.0,vault_curator,specialist,2026-03-15,0.1.0,filesystem,/sessions/loving-busy-bohr/mnt/Agent Maestro/05_SYSTEMS/authority_architecture/compiler/prototype/artifacts/CONST_vault_curator_specialist_link_auditor_compiled.json,active
compiled.CONST.vault_curator.specialist.orphan_detector.v1.0,CONST.vault_curator.specialist.orphan_detector,1.0,vault_curator,specialist,2026-03-15,0.1.0,filesystem,/sessions/loving-busy-bohr/mnt/Agent Maestro/05_SYSTEMS/authority_architecture/compiler/prototype/artifacts/CONST_vault_curator_specialist_orphan_detector_compiled.json,active
compiled.CONST.vault_curator.specialist.schema_validator.v1.0,CONST.vault_curator.specialist.schema_validator,1.0,vault_curator,specialist,2026-03-15,0.1.0,filesystem,/sessions/loving-busy-bohr/mnt/Agent Maestro/05_SYSTEMS/authority_architecture/compiler/prototype/artifacts/CONST_vault_curator_specialist_schema_validator_compiled.json,active
compiled.CONST.vault_curator.supervisor.v1.0,CONST.vault_curator.supervisor,1.0,vault_curator,supervisor,2026-03-15,0.1.0,filesystem,/sessions/loving-busy-bohr/mnt/Agent Maestro/05_SYSTEMS/authority_architecture/compiler/prototype/artifacts/CONST_vault_curator_supervisor_compiled.json,active
compiled.CONST.vault_maintenance.specialist.definition_alignment.v1.0,CONST.vault_maintenance.specialist.definition_alignment,1.0,vault_maintenance,specialist,2026-03-15,0.1.0,filesystem,/sessions/loving-busy-bohr/mnt/Agent Maestro/05_SYSTEMS/authority_architecture/compiler/prototype/artifacts/CONST_vault_maintenance_specialist_definition_alignment_compiled.json,active
compiled.CONST.vault_maintenance.specialist.note_processor.v1.0,CONST.vault_maintenance.specialist.note_processor,1.0,vault_maintenance,specialist,2026-03-15,0.1.0,filesystem,/sessions/loving-busy-bohr/mnt/Agent Maestro/05_SYSTEMS/authority_architecture/compiler/prototype/artifacts/CONST_vault_maintenance_specialist_note_processor_compiled.json,active
compiled.CONST.vault_maintenance.specialist.ontology_integrity.v1.0,CONST.vault_maintenance.specialist.ontology_integrity,1.0,vault_maintenance,specialist,2026-03-15,0.1.0,filesystem,/sessions/loving-busy-bohr/mnt/Agent Maestro/05_SYSTEMS/authority_architecture/compiler/prototype/artifacts/CONST_vault_maintenance_specialist_ontology_integrity_compiled.json,active
compiled.CONST.vault_maintenance.specialist.self_healing.v1.0,CONST.vault_maintenance.specialist.self_healing,1.0,vault_maintenance,specialist,2026-03-15,0.1.0,filesystem,/sessions/loving-busy-bohr/mnt/Agent Maestro/05_SYSTEMS/authority_architecture/compiler/prototype/artifacts/CONST_vault_maintenance_specialist_self_healing_compiled.json,active
compiled.CONST.vault_maintenance.specialist.template_compliance.v1.0,CONST.vault_maintenance.specialist.template_compliance,1.0,vault_maintenance,specialist,2026-03-15,0.1.0,filesystem,/sessions/loving-busy-bohr/mnt/Agent Maestro/05_SYSTEMS/authority_architecture/compiler/prototype/artifacts/CONST_vault_maintenance_specialist_template_compliance_compiled.json,active
compiled.CONST.vault_maintenance.supervisor.v1.0,CONST.vault_maintenance.supervisor,1.0,vault_maintenance,supervisor,2026-03-15,0.1.0,filesystem,/sessions/loving-busy-bohr/mnt/Agent Maestro/05_SYSTEMS/authority_architecture/compiler/prototype/artifacts/CONST_vault_maintenance_supervisor_compiled.json,active
compiled.EXEC.pack.evolution_executive.v1.0,EXEC.pack.evolution_executive,1.0,evolution,executive,2026-03-14,0.1.0,filesystem,/sessions/loving-busy-bohr/mnt/Agent Maestro/05_SYSTEMS/authority_architecture/compiler/prototype/artifacts/EXEC_pack_evolution_executive_compiled.json,active
compiled.EXEC.pack.executive_orchestrator.v1.0,EXEC.pack.executive_orchestrator,1.0,system,executive,2026-03-14,0.1.0,filesystem,/sessions/loving-busy-bohr/mnt/Agent Maestro/05_SYSTEMS/authority_architecture/compiler/prototype/artifacts/EXEC_pack_executive_orchestrator_compiled.json,active
compiled.EXEC.pack.governance_executive.v1.0,EXEC.pack.governance_executive,1.0,governance,executive,2026-03-14,0.1.0,filesystem,/sessions/loving-busy-bohr/mnt/Agent Maestro/05_SYSTEMS/authority_architecture/compiler/prototype/artifacts/EXEC_pack_governance_executive_compiled.json,active
compiled.EXEC.pack.knowledge_executive.v1.0,EXEC.pack.knowledge_executive,1.0,knowledge,executive,2026-03-14,0.1.0,filesystem,/sessions/loving-busy-bohr/mnt/Agent Maestro/05_SYSTEMS/authority_architecture/compiler/prototype/artifacts/EXEC_pack_knowledge_executive_compiled.json,active
compiled.EXEC.pack.operations_executive.v1.0,EXEC.pack.operations_executive,1.0,operations,executive,2026-03-14,0.1.0,filesystem,/sessions/loving-busy-bohr/mnt/Agent Maestro/05_SYSTEMS/authority_architecture/compiler/prototype/artifacts/EXEC_pack_operations_executive_compiled.json,active
compiled.CONST.vault_maintenance.executive.v1.0,CONST.vault_maintenance.executive,1.0,vault_maintenance,executive,2026-03-15,0.1.0,filesystem,/sessions/loving-busy-bohr/mnt/Agent Maestro/05_SYSTEMS/authority_architecture/compiler/prototype/artifacts/CONST_vault_maintenance_executive_compiled.json,active
